tarih,islem,strateji,sembol,fiyat,miktar,tutar,ucret,kar_zarar,kar_zarar_yuzde,nakit,portfoy_degeri,sebep,kaldirac
2026-09-05 04:23:44,AL,SMA trend 100,BTC/USDT,79582.0,0.00149068,118.75,0.1187,,,881.25,999.88,sinyal,1.0
2026-09-05 04:23:44,AL,MA kesisme 50/200,ETH/USDT,2452.49,0.04871727,119.6,0.1196,,,761.65,999.74,sinyal,1.0
2026-09-05 04:23:44,AL,SMA trend 200,ZEC/USDT,1024.79,0.11755996,120.59,0.1206,,,641.06,999.59,sinyal,1.0
2026-09-05 04:23:45,AL,SMA trend 200,BNB/USDT,723.51,0.16817876,121.8,0.1218,,,519.26,999.39,sinyal,1.0
2026-09-05 04:23:45,AL,Donchian 55/20,PROM/USDT,5.126,24.03433507,123.32,0.1233,,,395.93,999.05,sinyal,1.0
2026-09-05 04:23:45,AL,Dusuk oynaklik,NEAR/USDT,2.225,56.29363369,125.38,0.1254,,,270.55,998.76,sinyal,1.0
2026-09-05 04:23:46,AL,Donchian 20/10,DASH/USDT,66.41,1.93321289,128.51,0.1285,,,142.04,998.35,sinyal,1.0
2026-09-05 04:23:46,AL,Fair Value Gap,ZKC/USDT,0.0501,2690.69664154,134.94,0.1349,,,7.1,998.89,sinyal,1.0
2026-09-12 14:43:43,SAT,SMA trend 100,BTC/USDT,77366.52,0.00149068,115.21,0.1153,-3.54,-2.98,122.32,1012.53,sinyal,1.0
2026-09-12 14:43:44,AL,Donchian 20/10,XRP/USDT,1.3682,84.84390128,116.2,0.1162,,,6.12,1012.34,sinyal,1.0
2026-09-12 14:43:46,SAT,SMA trend 200,BNB/USDT,736.67,0.16817876,123.77,0.1239,1.97,1.62,129.88,1012.62,sinyal,1.0
2026-09-12 14:43:47,AL,Dusuk oynaklik,TRX/USDT,0.3406,361.90994651,123.39,0.1234,,,6.49,1012.49,sinyal,1.0
2026-09-12 14:43:57,SAT,Donchian 55/20,PROM/USDT,5.77,24.03433507,138.54,0.1387,15.22,12.34,145.03,1013.37,sinyal,1.0
2026-09-17 18:27:46,SAT,MA kesisme 50/200,ETH/USDT,2462.85,0.04871727,119.86,0.12,0.27,0.22,264.9,1061.92,sinyal,1.0
2026-09-17 18:27:47,AL,MACD,SOL/USDT,101.52,7.88615332,125.83,0.8014,,,139.07,1061.91,sinyal,6.369
2026-09-17 18:27:47,SAT,Donchian 20/10,XRP/USDT,1.3009,84.84390128,110.26,0.1104,-5.94,-5.11,249.33,1061.11,sinyal,1.0
2026-09-17 18:27:47,AL,Momentum 90,UNI/USDT,7.659,77.23932919,118.43,0.5922,,,130.9,1061.11,sinyal,5.0
2026-09-17 18:27:48,AL,Donchian 20/10,DOGE/USDT,0.08177,10046.95738429,124.36,0.8224,,,6.55,1059.8,sinyal,6.613
2026-09-17 18:27:52,SAT,Fair Value Gap,ZKC/USDT,0.0377,2690.69664154,101.34,0.1014,-33.6,-24.9,107.88,1058.93,sinyal,1.0
2026-09-20 04:24:07,SAT,MACD,SOL/USDT,108.89,7.88615332,183.15,0.8587,57.32,45.56,291.03,1255.97,sinyal,6.369
2026-09-20 04:24:08,AL,SMA trend 100,SUI/USDT,0.8264,835.55593889,138.24,0.6912,,,152.79,1255.8,sinyal,5.0
2026-09-20 04:24:08,AL,SMA trend 200,ENA/USDT,0.1971,3678.48097054,145.15,0.7258,,,7.64,1255.38,sinyal,5.0
2026-09-20 04:24:08,SAT,Donchian 20/10,DOGE/USDT,0.08579,10046.95738429,163.92,0.8619,39.57,31.82,171.56,1259.94,sinyal,6.613
2026-09-20 04:24:09,AL,Momentum 90,BNB/USDT,750.47,1.85867721,162.98,1.3963,,,8.58,1259.94,sinyal,8.567
2026-09-20 04:24:14,SAT,Donchian 20/10,DASH/USDT,57.12,1.93321289,110.31,0.1104,-18.2,-14.16,118.89,1256.3,sinyal,1.0
2026-09-21 14:25:49,AL,MACD,BTC/USDT,85466.34,0.01029287,112.95,0.8806,,,5.94,1682.28,sinyal,7.796
2026-09-26 00:30:12,SAT,Momentum 90,BNB/USDT,777.13,1.85867721,211.14,1.4444,48.16,29.55,217.09,2032.93,sinyal,8.567
2026-09-26 00:30:13,AL,Dusuk oynaklik,ONDO/USDT,0.5492,1875.68833663,206.23,1.0312,,,10.85,2032.59,sinyal,5.0
2026-10-04 15:17:18,SAT,SMA trend 200,ZEC/USDT,1326.46,0.11755996,155.78,0.1559,35.19,29.18,166.64,1778.79,sinyal,1.0
2026-10-04 15:17:18,AL,Dusuk oynaklik,BNB/USDT,787.15,2.00910627,158.31,1.5831,,,8.33,1778.82,sinyal,10.0
2026-10-04 15:17:20,SAT,SMA trend 200,ENA/USDT,0.2385,3678.48097054,296.72,0.8773,151.56,104.42,305.05,1783.2,sinyal,5.0
2026-10-04 15:17:20,AL,MA kesisme 20/100,LTC/USDT,72.1,26.96884793,289.79,1.9464,,,15.25,1783.2,sinyal,6.716
2026-10-05 08:55:33,SAT,MACD,BTC/USDT,86252.76,0.01029287,120.16,0.8878,7.21,6.39,135.42,1758.38,sinyal,7.796
2026-10-05 08:55:34,AL,Dusuk oynaklik,SOL/USDT,121.69,10.56092781,128.64,1.2864,,,6.77,1758.38,sinyal,10.0
2026-10-05 08:55:35,SAT,Momentum 90,UNI/USDT,9.084,77.23932919,227.91,0.7016,109.47,92.44,234.68,1756.61,sinyal,5.0
2026-10-05 08:55:35,AL,ATR kirilma,MUBARAK/USDT,0.07509,14830.34287149,222.95,1.1147,,,11.73,1756.61,sinyal,5.0
2026-10-06 00:48:19,SAT,ATR kirilma,MUBARAK/USDT,0.07534,14830.34287149,225.54,1.1173,2.59,1.16,237.27,1729.55,sinyal,5.0
2026-10-06 00:48:19,AL,MA kesisme 50/200,ACE/USDT,0.1927,6470.98539632,225.41,1.2482,,,11.86,1729.55,sinyal,5.538
2026-10-06 07:32:21,SAT,SMA trend 100,SUI/USDT,1.1891,835.55593889,440.6,0.9936,302.37,218.73,452.47,1646.21,sinyal,5.0
2026-10-06 07:32:22,AL,Dusuk oynaklik,ADA/USDT,0.2701,7949.18994681,429.85,2.1492,,,22.62,1646.97,sinyal,5.0
2026-10-06 15:05:26,SAT,MA kesisme 20/100,LTC/USDT,70.13,26.96884793,234.72,1.8913,-55.07,-19.0,257.34,1800.41,sinyal,6.716
2026-10-06 15:05:26,AL,Dusuk oynaklik,MARSCOIN/USDT,0.1137,10740.24504525,244.48,1.2224,,,12.87,1800.41,sinyal,5.0
2026-10-08 08:54:16,SAT,MA kesisme 50/200,ACE/USDT,0.1894,6470.98539632,202.81,1.2256,-22.6,-10.03,215.68,1189.58,sinyal,5.538
2026-10-08 16:27:41,LIKIDASYON,Dusuk oynaklik,SOL/USDT,109.521,10.56092781,0.0,1.1566,-128.64,-100.0,215.68,805.69,likidasyon,10.0
2026-10-08 16:27:42,KISA_AC,Major Trend Surucusu,DOGE/USDT,0.08266,6190.62028396,102.45,0.5122,,,113.23,805.96,sinyal,5.0
2026-10-08 16:27:43,KISA_AC,Major Trend Surucusu,UNI/USDT,7.324,73.36189327,107.57,0.5378,,,5.66,802.43,sinyal,5.0
2026-10-08 16:27:48,LIKIDASYON,Dusuk oynaklik,MARSCOIN/USDT,0.09096,10740.24504525,0.0,0.9769,-244.48,-100.0,5.66,800.56,likidasyon,5.0
2026-10-08 22:03:55,AL,MA kesisme 50/200,OGN/USDT,0.04656,577.00011416,5.38,0.0269,,,0.28,855.26,sinyal,5.0
2026-10-09 02:05:53,KISA_KAPAT,Major Trend Surucusu,DOGE/USDT,0.08475,6190.62028396,88.97,0.5247,-13.48,-13.15,89.25,849.44,sinyal,5.0
2026-10-09 02:05:55,KISA_AC,Major Trend Surucusu,HYPE/USDT,84.75,5.92296617,84.79,0.5025,,,4.46,849.46,sinyal,5.926
2026-10-09 08:59:21,KISA_KAPAT,Major Trend Surucusu,UNI/USDT,7.438,73.36189327,98.65,0.5457,-8.92,-8.29,103.11,937.45,sinyal,5.0
2026-10-09 08:59:21,AL,Dusuk oynaklik,STRK/USDT,0.07127,6865.42654659,97.96,0.4898,,,5.16,937.45,sinyal,5.0
2026-10-09 08:59:22,KISA_KAPAT,Major Trend Surucusu,HYPE/USDT,86.08,5.92296617,76.39,0.5098,-8.4,-9.9,81.55,970.2,sinyal,5.926
2026-10-09 08:59:22,AL,MACD,RLC/USDT,1.0332,374.54315372,77.47,0.3874,,,4.08,970.2,sinyal,5.0
